wallet_id,acquired_week,fee_week,pay_cycle,week,txn_count,amount_bdt,cashin_count,cashout_ok,cashout_fail,app_share,district_changed
W-06GZWP,10,34,monthly,10,0,0,0,0,0,,0
W-06GZWP,10,34,monthly,11,2,937,0,1,0,0.2599,0
W-06GZWP,10,34,monthly,12,3,1249,0,1,0,0.2681,0
W-06GZWP,10,34,monthly,13,6,5509,0,2,0,0.2538,0
W-06GZWP,10,34,monthly,14,2,1118,0,0,0,0.1943,0
W-06GZWP,10,34,monthly,15,5,2947,1,2,0,0.2804,0
W-06GZWP,10,34,monthly,16,1,461,0,0,0,0.2996,0
W-06GZWP,10,34,monthly,17,0,0,0,0,0,,0
W-06GZWP,10,34,monthly,18,6,3669,0,2,0,0.1714,0
W-06GZWP,10,34,monthly,19,2,948,0,1,0,0.1410,0
W-06GZWP,10,34,monthly,20,4,1924,2,1,0,0.3098,0
W-06GZWP,10,34,monthly,21,0,0,0,0,0,,0
W-06GZWP,10,34,monthly,22,1,603,1,0,0,0.3480,0
W-06GZWP,10,34,monthly,23,1,686,0,0,0,0.2603,0
W-06GZWP,10,34,monthly,24,6,2758,2,2,0,0.2655,0
W-06GZWP,10,34,monthly,25,4,1438,2,1,0,0.2598,0
W-06GZWP,10,34,monthly,26,1,607,1,0,0,0.2548,0
W-06GZWP,10,34,monthly,27,0,0,0,0,0,,0
W-06GZWP,10,34,monthly,28,1,739,0,0,0,0.3833,0
W-06GZWP,10,34,monthly,29,2,826,1,1,0,0.2558,0
W-06GZWP,10,34,monthly,30,3,1594,1,0,0,0.2626,0
W-06GZWP,10,34,monthly,31,2,1078,0,1,0,0.3485,0
W-06GZWP,10,34,monthly,32,3,1678,0,1,0,0.3712,0
W-06GZWP,10,34,monthly,33,3,1023,2,1,0,0.3188,0
W-06GZWP,10,34,monthly,34,4,954,0,1,0,0.2322,0
W-06GZWP,10,34,monthly,35,3,1972,0,1,0,0.1729,0
W-06GZWP,10,34,monthly,36,0,0,0,0,0,,0
W-06GZWP,10,34,monthly,37,3,1411,0,0,0,0.2103,0
W-06GZWP,10,34,monthly,38,5,3534,2,0,0,0.2794,0
W-06GZWP,10,34,monthly,39,4,1772,2,0,0,0.3251,0
W-06GZWP,10,34,monthly,40,2,1183,1,1,0,0.3136,0
W-06GZWP,10,34,monthly,41,1,585,0,0,0,0.2168,0
W-06GZWP,10,34,monthly,42,8,3897,0,4,0,0.2705,0
W-06GZWP,10,34,monthly,43,0,0,0,0,0,,0
W-06GZWP,10,34,monthly,44,0,0,0,0,0,,0
W-06GZWP,10,34,monthly,45,0,0,0,0,0,,0
W-06GZWP,10,34,monthly,46,0,0,0,0,0,,0
W-06GZWP,10,34,monthly,47,0,0,0,0,0,,0
W-06GZWP,10,34,monthly,48,0,0,0,0,0,,0
W-06GZWP,10,34,monthly,49,0,0,0,0,0,,0
W-06GZWP,10,34,monthly,50,0,0,0,0,0,,0
W-06GZWP,10,34,monthly,51,0,0,0,0,0,,0
W-0O4SH5,24,34,weekly,24,10,12333,2,4,0,0.3855,0
W-0O4SH5,24,34,weekly,25,9,7006,6,1,0,0.4591,0
W-0O4SH5,24,34,weekly,26,18,10029,11,3,0,0.3103,0
W-0O4SH5,24,34,weekly,27,4,4625,3,0,0,0.3243,0
W-0O4SH5,24,34,weekly,28,12,7341,6,2,0,0.4694,0
W-0O4SH5,24,34,weekly,29,18,12985,9,4,0,0.3193,0
W-0O4SH5,24,34,weekly,30,11,9232,7,3,0,0.3331,0
W-0O4SH5,24,34,weekly,31,8,7560,7,0,0,0.3843,0
W-0O4SH5,24,34,weekly,32,2,862,0,0,0,0.3692,0
W-0O4SH5,24,34,weekly,33,4,4440,4,0,0,0.4213,0
W-0O4SH5,24,34,weekly,34,7,6295,4,2,0,0.2930,0
W-0O4SH5,24,34,weekly,35,3,1853,3,0,0,0.4286,0
W-0O4SH5,24,34,weekly,36,5,3471,1,3,0,0.3887,0
W-0O4SH5,24,34,weekly,37,13,4523,8,1,0,0.4622,0
W-0O4SH5,24,34,weekly,38,6,5477,2,0,0,0.3181,0
W-0O4SH5,24,34,weekly,39,5,4795,4,0,0,0.3371,0
W-0O4SH5,24,34,weekly,40,6,3151,3,3,0,0.5102,0
W-0O4SH5,24,34,weekly,41,4,6142,2,2,0,0.4341,0
W-0O4SH5,24,34,weekly,42,10,12038,4,3,0,0.3271,0
W-0O4SH5,24,34,weekly,43,5,2261,2,1,0,0.3672,0
W-0O4SH5,24,34,weekly,44,6,4182,2,4,0,0.4028,0
W-0O4SH5,24,34,weekly,45,5,3324,0,1,0,0.4512,0
W-0O4SH5,24,34,weekly,46,5,2794,0,3,0,0.4468,0
W-0O4SH5,24,34,weekly,47,5,4275,0,2,0,0.3688,0
W-0O4SH5,24,34,weekly,48,8,12071,0,4,0,0.6424,1
W-0O4SH5,24,34,weekly,49,0,0,0,0,0,,0
W-0O4SH5,24,34,weekly,50,0,0,0,0,0,,0
W-0O4SH5,24,34,weekly,51,0,0,0,0,0,,0
W-1SVVT9,0,34,monthly,0,23,29354,13,6,0,0.5607,0
W-1SVVT9,0,34,monthly,1,3,5577,2,1,0,0.5472,0
W-1SVVT9,0,34,monthly,2,2,1062,1,0,0,0.3851,0
W-1SVVT9,0,34,monthly,3,6,6476,1,2,0,0.5428,0
W-1SVVT9,0,34,monthly,4,6,8934,6,0,0,0.5569,0
W-1SVVT9,0,34,monthly,5,2,1676,1,0,0,0.5419,0
W-1SVVT9,0,34,monthly,6,5,5621,1,2,0,0.3813,0
W-1SVVT9,0,34,monthly,7,2,2567,0,0,0,0.4493,0
W-1SVVT9,0,34,monthly,8,3,3096,1,0,0,0.4923,0
W-1SVVT9,0,34,monthly,9,8,13443,0,6,0,0.4468,0
W-1SVVT9,0,34,monthly,10,5,4388,1,2,0,0.5053,0
W-1SVVT9,0,34,monthly,11,2,2137,1,1,0,0.4695,0
W-1SVVT9,0,34,monthly,12,3,4525,0,2,0,0.4159,0
W-1SVVT9,0,34,monthly,13,20,16323,12,5,0,0.4746,0
W-1SVVT9,0,34,monthly,14,2,2423,0,0,0,0.4473,0
W-1SVVT9,0,34,monthly,15,6,6319,2,4,0,0.4489,0
W-1SVVT9,0,34,monthly,16,6,8158,0,3,0,0.4906,0
W-1SVVT9,0,34,monthly,17,19,29163,8,3,0,0.5361,0
W-1SVVT9,0,34,monthly,18,9,9495,1,3,0,0.5760,0
W-1SVVT9,0,34,monthly,19,4,3401,1,2,0,0.4415,0
W-1SVVT9,0,34,monthly,20,1,942,0,1,0,0.4698,0
W-1SVVT9,0,34,monthly,21,6,13567,1,2,0,0.4679,0
W-1SVVT9,0,34,monthly,22,5,5176,0,2,0,0.4556,0
W-1SVVT9,0,34,monthly,23,1,874,0,1,0,0.4058,0
W-1SVVT9,0,34,monthly,24,1,1641,0,0,0,0.5404,0
W-1SVVT9,0,34,monthly,25,2,1836,0,1,0,0.5249,0
W-1SVVT9,0,34,monthly,26,15,22169,9,3,0,0.4984,0
W-1SVVT9,0,34,monthly,27,5,6538,1,2,0,0.4652,0
W-1SVVT9,0,34,monthly,28,15,14970,0,8,0,0.4245,0
W-1SVVT9,0,34,monthly,29,9,6621,3,1,0,0.5989,0
W-1SVVT9,0,34,monthly,30,10,15190,5,0,0,0.5324,0
W-1SVVT9,0,34,monthly,31,11,13056,1,6,0,0.5586,0
W-1SVVT9,0,34,monthly,32,4,5212,0,3,0,0.4939,0
W-1SVVT9,0,34,monthly,33,2,3270,0,0,0,0.5178,0
W-1SVVT9,0,34,monthly,34,0,0,0,0,0,,0
W-1SVVT9,0,34,monthly,35,9,8222,4,0,0,0.5464,0
W-1SVVT9,0,34,monthly,36,2,3865,0,0,0,0.5133,0
W-1SVVT9,0,34,monthly,37,6,6188,1,2,0,0.4653,0
W-1SVVT9,0,34,monthly,38,0,0,0,0,0,,0
W-1SVVT9,0,34,monthly,39,9,5296,7,1,0,0.5091,0
W-1SVVT9,0,34,monthly,40,0,0,0,0,0,,0
W-1SVVT9,0,34,monthly,41,0,0,0,0,0,,0
W-1SVVT9,0,34,monthly,42,0,0,0,0,0,,0
W-1SVVT9,0,34,monthly,43,0,0,0,0,0,,0
W-1SVVT9,0,34,monthly,44,0,0,0,0,0,,0
W-1SVVT9,0,34,monthly,45,0,0,0,0,0,,0
W-1SVVT9,0,34,monthly,46,0,0,0,0,0,,0
W-1SVVT9,0,34,monthly,47,0,0,0,0,0,,0
W-1SVVT9,0,34,monthly,48,0,0,0,0,0,,0
W-1SVVT9,0,34,monthly,49,0,0,0,0,0,,0
W-1SVVT9,0,34,monthly,50,0,0,0,0,0,,0
W-1SVVT9,0,34,monthly,51,0,0,0,0,0,,0
W-2EF9K7,32,34,monthly,32,1,1305,0,1,0,0.3489,0
W-2EF9K7,32,34,monthly,33,1,822,0,0,0,0.4395,0
W-2EF9K7,32,34,monthly,34,4,2384,0,1,0,0.3061,0
W-2EF9K7,32,34,monthly,35,0,0,0,0,0,,0
W-2EF9K7,32,34,monthly,36,2,1570,0,1,0,0.4364,0
W-2EF9K7,32,34,monthly,37,5,2588,2,1,0,0.4023,0
W-2EF9K7,32,34,monthly,38,6,3764,2,1,0,0.3975,0
W-2EF9K7,32,34,monthly,39,0,0,0,0,0,,0
W-2EF9K7,32,34,monthly,40,0,0,0,0,0,,0
W-2EF9K7,32,34,monthly,41,1,1020,0,0,0,0.5077,0
W-2EF9K7,32,34,monthly,42,7,6502,0,3,0,0.4494,0
W-2EF9K7,32,34,monthly,43,2,1097,0,1,0,0.3227,0
W-2EF9K7,32,34,monthly,44,0,0,0,0,0,,0
W-2EF9K7,32,34,monthly,45,0,0,0,0,0,,0
W-2EF9K7,32,34,monthly,46,0,0,0,0,0,,0
W-2EF9K7,32,34,monthly,47,0,0,0,0,0,,0
W-2EF9K7,32,34,monthly,48,0,0,0,0,0,,0
W-2EF9K7,32,34,monthly,49,0,0,0,0,0,,0
W-2EF9K7,32,34,monthly,50,0,0,0,0,0,,0
W-2EF9K7,32,34,monthly,51,0,0,0,0,0,,0
W-8ON3JI,34,34,monthly,34,2,1268,0,1,0,0.6421,0
W-8ON3JI,34,34,monthly,35,0,0,0,0,0,,0
W-8ON3JI,34,34,monthly,36,0,0,0,0,0,,0
W-8ON3JI,34,34,monthly,37,3,4080,0,1,0,0.6695,0
W-8ON3JI,34,34,monthly,38,0,0,0,0,0,,0
W-8ON3JI,34,34,monthly,39,0,0,0,0,0,,0
W-8ON3JI,34,34,monthly,40,0,0,0,0,0,,0
W-8ON3JI,34,34,monthly,41,0,0,0,0,0,,0
W-8ON3JI,34,34,monthly,42,0,0,0,0,0,,0
W-8ON3JI,34,34,monthly,43,0,0,0,0,0,,0
W-8ON3JI,34,34,monthly,44,0,0,0,0,0,,0
W-8ON3JI,34,34,monthly,45,0,0,0,0,0,,0
W-8ON3JI,34,34,monthly,46,0,0,0,0,0,,0
W-8ON3JI,34,34,monthly,47,0,0,0,0,0,,0
W-8ON3JI,34,34,monthly,48,0,0,0,0,0,,0
W-8ON3JI,34,34,monthly,49,0,0,0,0,0,,0
W-8ON3JI,34,34,monthly,50,0,0,0,0,0,,0
W-8ON3JI,34,34,monthly,51,0,0,0,0,0,,0
W-A8QQ9A,7,34,monthly,7,1,348,0,0,0,0.5865,0
W-A8QQ9A,7,34,monthly,8,0,0,0,0,0,,0
W-A8QQ9A,7,34,monthly,9,5,2915,2,3,0,0.4891,0
W-A8QQ9A,7,34,monthly,10,0,0,0,0,0,,0
W-A8QQ9A,7,34,monthly,11,1,384,0,1,0,0.5045,0
W-A8QQ9A,7,34,monthly,12,0,0,0,0,0,,0
W-A8QQ9A,7,34,monthly,13,8,3845,3,3,0,0.5009,0
W-A8QQ9A,7,34,monthly,14,4,1446,0,1,0,0.4809,0
W-A8QQ9A,7,34,monthly,15,1,421,0,0,0,0.4572,0
W-A8QQ9A,7,34,monthly,16,1,548,0,1,0,0.4802,0
W-A8QQ9A,7,34,monthly,17,6,2530,3,1,0,0.5783,0
W-A8QQ9A,7,34,monthly,18,5,2755,1,2,0,0.4902,0
W-A8QQ9A,7,34,monthly,19,2,914,0,0,0,0.4591,0
W-A8QQ9A,7,34,monthly,20,3,1272,1,1,0,0.5080,0
W-A8QQ9A,7,34,monthly,21,2,1499,0,1,0,0.4180,0
W-A8QQ9A,7,34,monthly,22,1,424,1,0,0,0.5380,0
W-A8QQ9A,7,34,monthly,23,2,2023,0,1,0,0.4915,0
W-A8QQ9A,7,34,monthly,24,3,2049,0,2,0,0.4902,0
W-A8QQ9A,7,34,monthly,25,0,0,0,0,0,,0
W-A8QQ9A,7,34,monthly,26,8,3093,5,2,0,0.5238,0
W-A8QQ9A,7,34,monthly,27,2,1080,0,0,0,0.5314,0
W-A8QQ9A,7,34,monthly,28,5,3228,0,1,0,0.5632,0
W-A8QQ9A,7,34,monthly,29,0,0,0,0,0,,0
W-A8QQ9A,7,34,monthly,30,12,7172,5,4,0,0.4944,0
W-A8QQ9A,7,34,monthly,31,3,1479,1,0,0,0.5502,0
W-A8QQ9A,7,34,monthly,32,0,0,0,0,0,,0
W-A8QQ9A,7,34,monthly,33,2,1163,0,1,0,0.4378,0
W-A8QQ9A,7,34,monthly,34,3,2018,1,0,0,0.4919,0
W-A8QQ9A,7,34,monthly,35,8,3112,5,2,0,0.5203,0
W-A8QQ9A,7,34,monthly,36,1,457,0,1,0,0.3989,0
W-A8QQ9A,7,34,monthly,37,1,434,0,0,0,0.5082,0
W-A8QQ9A,7,34,monthly,38,1,400,0,0,0,0.5142,0
W-A8QQ9A,7,34,monthly,39,2,297,2,0,0,0.4567,0
W-A8QQ9A,7,34,monthly,40,0,0,0,0,0,,0
W-A8QQ9A,7,34,monthly,41,0,0,0,0,0,,0
W-A8QQ9A,7,34,monthly,42,0,0,0,0,0,,0
W-A8QQ9A,7,34,monthly,43,0,0,0,0,0,,0
W-A8QQ9A,7,34,monthly,44,0,0,0,0,0,,0
W-A8QQ9A,7,34,monthly,45,0,0,0,0,0,,0
W-A8QQ9A,7,34,monthly,46,0,0,0,0,0,,0
W-A8QQ9A,7,34,monthly,47,0,0,0,0,0,,0
W-A8QQ9A,7,34,monthly,48,0,0,0,0,0,,0
W-A8QQ9A,7,34,monthly,49,0,0,0,0,0,,0
W-A8QQ9A,7,34,monthly,50,0,0,0,0,0,,0
W-A8QQ9A,7,34,monthly,51,0,0,0,0,0,,0
W-BF2RCQ,37,34,monthly,37,3,2635,1,1,0,0.4843,0
W-BF2RCQ,37,34,monthly,38,2,2071,2,0,0,0.5539,0
W-BF2RCQ,37,34,monthly,39,2,3796,1,0,0,0.4954,0
W-BF2RCQ,37,34,monthly,40,1,2337,0,0,1,0.6265,0
W-BF2RCQ,37,34,monthly,41,0,0,0,0,0,,0
W-BF2RCQ,37,34,monthly,42,0,0,0,0,0,,0
W-BF2RCQ,37,34,monthly,43,0,0,0,0,0,,0
W-BF2RCQ,37,34,monthly,44,0,0,0,0,0,,0
W-BF2RCQ,37,34,monthly,45,0,0,0,0,0,,0
W-BF2RCQ,37,34,monthly,46,0,0,0,0,0,,0
W-BF2RCQ,37,34,monthly,47,0,0,0,0,0,,0
W-BF2RCQ,37,34,monthly,48,0,0,0,0,0,,0
W-BF2RCQ,37,34,monthly,49,0,0,0,0,0,,0
W-BF2RCQ,37,34,monthly,50,0,0,0,0,0,,0
W-BF2RCQ,37,34,monthly,51,0,0,0,0,0,,0
W-C9DZB8,37,34,monthly,37,13,24676,8,1,0,0.5623,0
W-C9DZB8,37,34,monthly,38,3,5644,0,1,0,0.4610,1
W-C9DZB8,37,34,monthly,39,20,19232,7,6,0,0.5638,0
W-C9DZB8,37,34,monthly,40,3,1602,1,1,0,0.4961,0
W-C9DZB8,37,34,monthly,41,0,0,0,0,0,,0
W-C9DZB8,37,34,monthly,42,0,0,0,0,0,,0
W-C9DZB8,37,34,monthly,43,0,0,0,0,0,,0
W-C9DZB8,37,34,monthly,44,0,0,0,0,0,,0
W-C9DZB8,37,34,monthly,45,0,0,0,0,0,,0
W-C9DZB8,37,34,monthly,46,0,0,0,0,0,,0
W-C9DZB8,37,34,monthly,47,0,0,0,0,0,,0
W-C9DZB8,37,34,monthly,48,0,0,0,0,0,,0
W-C9DZB8,37,34,monthly,49,0,0,0,0,0,,0
W-C9DZB8,37,34,monthly,50,0,0,0,0,0,,0
W-C9DZB8,37,34,monthly,51,0,0,0,0,0,,0
W-COCHD4,16,34,weekly,16,14,6916,5,5,0,0.6276,0
W-COCHD4,16,34,weekly,17,7,4297,3,1,0,0.6605,0
W-COCHD4,16,34,weekly,18,7,4065,2,2,0,0.6368,0
W-COCHD4,16,34,weekly,19,7,2145,3,1,0,0.6120,0
W-COCHD4,16,34,weekly,20,15,5031,5,2,0,0.6266,0
W-COCHD4,16,34,weekly,21,18,12322,10,2,0,0.6046,0
W-COCHD4,16,34,weekly,22,6,2956,3,2,0,0.5921,0
W-COCHD4,16,34,weekly,23,13,7456,8,2,0,0.5317,0
W-COCHD4,16,34,weekly,24,8,3066,2,2,0,0.5471,0
W-COCHD4,16,34,weekly,25,16,6986,9,4,0,0.6586,0
W-COCHD4,16,34,weekly,26,25,8971,14,3,0,0.6719,0
W-COCHD4,16,34,weekly,27,17,8802,9,3,0,0.6497,0
W-COCHD4,16,34,weekly,28,21,10971,14,4,0,0.5402,0
W-COCHD4,16,34,weekly,29,10,5775,4,1,0,0.4887,0
W-COCHD4,16,34,weekly,30,15,6258,10,3,0,0.6322,0
W-COCHD4,16,34,weekly,31,23,8145,13,2,0,0.5718,0
W-COCHD4,16,34,weekly,32,8,3236,7,1,0,0.5960,0
W-COCHD4,16,34,weekly,33,9,5833,8,0,0,0.6623,0
W-COCHD4,16,34,weekly,34,11,3692,5,2,0,0.6788,0
W-COCHD4,16,34,weekly,35,8,4301,3,4,0,0.6312,0
W-COCHD4,16,34,weekly,36,8,2714,2,3,0,0.6567,0
W-COCHD4,16,34,weekly,37,13,4256,8,0,0,0.5682,0
W-COCHD4,16,34,weekly,38,46,26466,28,7,2,0.6855,0
W-COCHD4,16,34,weekly,39,3,1228,2,0,0,0.7448,1
W-COCHD4,16,34,weekly,40,0,0,0,0,0,,0
W-COCHD4,16,34,weekly,41,0,0,0,0,0,,0
W-COCHD4,16,34,weekly,42,0,0,0,0,0,,0
W-COCHD4,16,34,weekly,43,0,0,0,0,0,,0
W-COCHD4,16,34,weekly,44,0,0,0,0,0,,0
W-COCHD4,16,34,weekly,45,0,0,0,0,0,,0
W-COCHD4,16,34,weekly,46,0,0,0,0,0,,0
W-COCHD4,16,34,weekly,47,0,0,0,0,0,,0
W-COCHD4,16,34,weekly,48,0,0,0,0,0,,0
W-COCHD4,16,34,weekly,49,0,0,0,0,0,,0
W-COCHD4,16,34,weekly,50,0,0,0,0,0,,0
W-COCHD4,16,34,weekly,51,0,0,0,0,0,,0
W-IU0JZ7,35,34,monthly,35,1,972,0,1,0,0.2336,0
W-IU0JZ7,35,34,monthly,36,1,1183,0,0,0,0.3853,0
W-IU0JZ7,35,34,monthly,37,10,15354,3,1,0,0.3238,0
W-IU0JZ7,35,34,monthly,38,0,0,0,0,0,,0
W-IU0JZ7,35,34,monthly,39,0,0,0,0,0,,0
W-IU0JZ7,35,34,monthly,40,0,0,0,0,0,,0
W-IU0JZ7,35,34,monthly,41,2,1716,0,1,0,0.2549,0
W-IU0JZ7,35,34,monthly,42,3,2664,2,0,0,0.3907,0
W-IU0JZ7,35,34,monthly,43,1,845,0,0,0,0.3889,0
W-IU0JZ7,35,34,monthly,44,0,0,0,0,0,,0
W-IU0JZ7,35,34,monthly,45,4,5358,1,1,1,0.3047,0
W-IU0JZ7,35,34,monthly,46,0,0,0,0,0,,0
W-IU0JZ7,35,34,monthly,47,1,1389,1,0,4,0.3466,0
W-IU0JZ7,35,34,monthly,48,0,0,0,0,0,,0
W-IU0JZ7,35,34,monthly,49,0,0,0,0,0,,0
W-IU0JZ7,35,34,monthly,50,0,0,0,0,0,,0
W-IU0JZ7,35,34,monthly,51,0,0,0,0,0,,0
W-IXV19R,21,34,monthly,21,2,1044,0,0,0,0.1922,0
W-IXV19R,21,34,monthly,22,0,0,0,0,0,,0
W-IXV19R,21,34,monthly,23,2,1225,0,2,0,0.0890,0
W-IXV19R,21,34,monthly,24,1,1328,1,0,0,0.2110,0
W-IXV19R,21,34,monthly,25,0,0,0,0,0,,0
W-IXV19R,21,34,monthly,26,4,5603,0,1,0,0.1614,0
W-IXV19R,21,34,monthly,27,5,5317,0,3,0,0.2710,0
W-IXV19R,21,34,monthly,28,1,930,0,1,0,0.2281,0
W-IXV19R,21,34,monthly,29,4,2691,3,0,0,0.1986,0
W-IXV19R,21,34,monthly,30,4,4168,0,2,0,0.1719,0
W-IXV19R,21,34,monthly,31,1,982,0,0,0,0.2546,0
W-IXV19R,21,34,monthly,32,3,2688,1,1,0,0.2441,0
W-IXV19R,21,34,monthly,33,0,0,0,0,0,,0
W-IXV19R,21,34,monthly,34,1,399,0,0,0,0.2167,0
W-IXV19R,21,34,monthly,35,2,1259,0,1,0,0.2058,0
W-IXV19R,21,34,monthly,36,5,3206,1,0,0,0.1941,0
W-IXV19R,21,34,monthly,37,2,1337,0,1,0,0.2956,0
W-IXV19R,21,34,monthly,38,4,2936,0,1,0,0.1811,0
W-IXV19R,21,34,monthly,39,0,0,0,0,0,,0
W-IXV19R,21,34,monthly,40,0,0,0,0,0,,0
W-IXV19R,21,34,monthly,41,0,0,0,0,0,,0
W-IXV19R,21,34,monthly,42,0,0,0,0,0,,0
W-IXV19R,21,34,monthly,43,0,0,0,0,0,,0
W-IXV19R,21,34,monthly,44,0,0,0,0,0,,0
W-IXV19R,21,34,monthly,45,0,0,0,0,0,,0
W-IXV19R,21,34,monthly,46,0,0,0,0,0,,0
W-IXV19R,21,34,monthly,47,0,0,0,0,0,,0
W-IXV19R,21,34,monthly,48,0,0,0,0,0,,0
W-IXV19R,21,34,monthly,49,0,0,0,0,0,,0
W-IXV19R,21,34,monthly,50,0,0,0,0,0,,0
W-IXV19R,21,34,monthly,51,0,0,0,0,0,,0
W-K9B78X,29,34,monthly,29,1,967,0,0,0,0.0703,0
W-K9B78X,29,34,monthly,30,2,1094,0,0,0,0.1136,0
W-K9B78X,29,34,monthly,31,2,1141,0,0,0,0.0953,0
W-K9B78X,29,34,monthly,32,8,4765,4,3,0,0.1214,0
W-K9B78X,29,34,monthly,33,1,741,0,0,0,0.1405,0
W-K9B78X,29,34,monthly,34,6,4162,1,3,0,0.1412,0
W-K9B78X,29,34,monthly,35,0,0,0,0,0,,1
W-K9B78X,29,34,monthly,36,2,1927,0,1,0,0.4246,0
W-K9B78X,29,34,monthly,37,4,1881,2,1,0,0.3471,0
W-K9B78X,29,34,monthly,38,1,660,0,1,0,0.3650,0
W-K9B78X,29,34,monthly,39,0,0,0,0,0,,0
W-K9B78X,29,34,monthly,40,0,0,0,0,0,,0
W-K9B78X,29,34,monthly,41,0,0,0,0,0,,0
W-K9B78X,29,34,monthly,42,0,0,0,0,0,,0
W-K9B78X,29,34,monthly,43,0,0,0,0,0,,0
W-K9B78X,29,34,monthly,44,0,0,0,0,0,,0
W-K9B78X,29,34,monthly,45,0,0,0,0,0,,0
W-K9B78X,29,34,monthly,46,0,0,0,0,0,,0
W-K9B78X,29,34,monthly,47,0,0,0,0,0,,0
W-K9B78X,29,34,monthly,48,0,0,0,0,0,,0
W-K9B78X,29,34,monthly,49,0,0,0,0,0,,0
W-K9B78X,29,34,monthly,50,0,0,0,0,0,,0
W-K9B78X,29,34,monthly,51,0,0,0,0,0,,0
W-LXIPZX,33,34,monthly,33,3,1798,1,2,0,0.3159,0
W-LXIPZX,33,34,monthly,34,2,567,0,2,0,0.1247,0
W-LXIPZX,33,34,monthly,35,0,0,0,0,0,,1
W-LXIPZX,33,34,monthly,36,1,371,0,1,1,0.1548,0
W-LXIPZX,33,34,monthly,37,0,0,0,0,0,,0
W-LXIPZX,33,34,monthly,38,0,0,0,0,0,,0
W-LXIPZX,33,34,monthly,39,0,0,0,0,0,,0
W-LXIPZX,33,34,monthly,40,0,0,0,0,0,,0
W-LXIPZX,33,34,monthly,41,0,0,0,0,0,,0
W-LXIPZX,33,34,monthly,42,0,0,0,0,0,,0
W-LXIPZX,33,34,monthly,43,0,0,0,0,0,,0
W-LXIPZX,33,34,monthly,44,0,0,0,0,0,,0
W-LXIPZX,33,34,monthly,45,0,0,0,0,0,,0
W-LXIPZX,33,34,monthly,46,0,0,0,0,0,,0
W-LXIPZX,33,34,monthly,47,0,0,0,0,0,,0
W-LXIPZX,33,34,monthly,48,0,0,0,0,0,,0
W-LXIPZX,33,34,monthly,49,0,0,0,0,0,,0
W-LXIPZX,33,34,monthly,50,0,0,0,0,0,,0
W-LXIPZX,33,34,monthly,51,0,0,0,0,0,,0
W-O6PX60,18,34,monthly,18,0,0,0,0,0,,0
W-O6PX60,18,34,monthly,19,8,3869,6,2,0,0.1843,0
W-O6PX60,18,34,monthly,20,1,520,1,0,0,0.1904,0
W-O6PX60,18,34,monthly,21,0,0,0,0,0,,0
W-O6PX60,18,34,monthly,22,0,0,0,0,0,,0
W-O6PX60,18,34,monthly,23,1,704,0,0,0,0.1408,0
W-O6PX60,18,34,monthly,24,1,432,0,1,0,0.1597,0
W-O6PX60,18,34,monthly,25,1,587,0,0,0,0.2267,0
W-O6PX60,18,34,monthly,26,1,512,0,1,0,0.2649,0
W-O6PX60,18,34,monthly,27,3,1202,0,0,0,0.2597,0
W-O6PX60,18,34,monthly,28,5,2007,3,0,0,0.2641,0
W-O6PX60,18,34,monthly,29,4,2144,1,2,0,0.0926,0
W-O6PX60,18,34,monthly,30,3,954,0,1,0,0.1598,0
W-O6PX60,18,34,monthly,31,3,1049,0,0,0,0.2833,0
W-O6PX60,18,34,monthly,32,3,1186,0,1,0,0.1988,0
W-O6PX60,18,34,monthly,33,2,1831,0,0,0,0.1777,0
W-O6PX60,18,34,monthly,34,0,0,0,0,0,,0
W-O6PX60,18,34,monthly,35,0,0,0,0,0,,0
W-O6PX60,18,34,monthly,36,1,522,0,1,0,0.2245,0
W-O6PX60,18,34,monthly,37,5,2767,1,0,0,0.1893,0
W-O6PX60,18,34,monthly,38,3,1001,0,2,0,0.2260,0
W-O6PX60,18,34,monthly,39,0,0,0,0,0,,0
W-O6PX60,18,34,monthly,40,6,2458,0,2,0,0.2350,0
W-O6PX60,18,34,monthly,41,0,0,0,0,0,,0
W-O6PX60,18,34,monthly,42,2,666,0,0,0,0.1852,0
W-O6PX60,18,34,monthly,43,0,0,0,0,0,,0
W-O6PX60,18,34,monthly,44,4,1427,0,3,0,0.1698,0
W-O6PX60,18,34,monthly,45,3,2268,0,2,0,0.4859,1
W-O6PX60,18,34,monthly,46,0,0,0,0,0,,0
W-O6PX60,18,34,monthly,47,1,450,0,0,0,0.3453,0
W-O6PX60,18,34,monthly,48,0,0,0,0,0,,0
W-O6PX60,18,34,monthly,49,0,0,0,0,0,,0
W-O6PX60,18,34,monthly,50,0,0,0,0,0,,0
W-O6PX60,18,34,monthly,51,0,0,0,0,0,,0
W-QELT5R,36,34,monthly,36,8,3333,1,2,0,0.3221,0
W-QELT5R,36,34,monthly,37,19,16683,0,9,0,0.4007,0
W-QELT5R,36,34,monthly,38,15,9134,0,6,0,0.4237,0
W-QELT5R,36,34,monthly,39,6,2875,0,4,0,0.5030,0
W-QELT5R,36,34,monthly,40,0,0,0,0,0,,0
W-QELT5R,36,34,monthly,41,0,0,0,0,0,,0
W-QELT5R,36,34,monthly,42,0,0,0,0,0,,0
W-QELT5R,36,34,monthly,43,0,0,0,0,0,,0
W-QELT5R,36,34,monthly,44,0,0,0,0,0,,0
W-QELT5R,36,34,monthly,45,0,0,0,0,0,,0
W-QELT5R,36,34,monthly,46,0,0,0,0,0,,0
W-QELT5R,36,34,monthly,47,0,0,0,0,0,,0
W-QELT5R,36,34,monthly,48,0,0,0,0,0,,0
W-QELT5R,36,34,monthly,49,0,0,0,0,0,,0
W-QELT5R,36,34,monthly,50,0,0,0,0,0,,0
W-QELT5R,36,34,monthly,51,0,0,0,0,0,,0
W-THSMB5,16,34,monthly,16,3,2898,0,1,0,0.5409,0
W-THSMB5,16,34,monthly,17,2,1593,0,2,0,0.5738,0
W-THSMB5,16,34,monthly,18,1,842,0,1,0,0.5281,0
W-THSMB5,16,34,monthly,19,4,3245,2,2,0,0.5553,0
W-THSMB5,16,34,monthly,20,1,564,0,0,0,0.5788,0
W-THSMB5,16,34,monthly,21,2,2010,0,1,0,0.5880,0
W-THSMB5,16,34,monthly,22,2,2180,0,2,0,0.5476,0
W-THSMB5,16,34,monthly,23,1,715,0,1,0,0.6353,0
W-THSMB5,16,34,monthly,24,7,5160,4,0,0,0.4791,0
W-THSMB5,16,34,monthly,25,1,896,0,1,0,0.5680,0
W-THSMB5,16,34,monthly,26,1,669,0,1,0,0.5221,0
W-THSMB5,16,34,monthly,27,7,3869,2,0,0,0.5834,0
W-THSMB5,16,34,monthly,28,7,4155,5,0,0,0.5043,0
W-THSMB5,16,34,monthly,29,4,3982,0,2,0,0.5308,0
W-THSMB5,16,34,monthly,30,2,1869,0,0,0,0.6481,0
W-THSMB5,16,34,monthly,31,3,3442,1,2,0,0.6421,0
W-THSMB5,16,34,monthly,32,33,25740,16,6,0,0.5332,0
W-THSMB5,16,34,monthly,33,3,2326,0,1,0,0.5460,0
W-THSMB5,16,34,monthly,34,1,912,0,1,0,0.5008,0
W-THSMB5,16,34,monthly,35,2,1545,1,0,0,0.5397,0
W-THSMB5,16,34,monthly,36,2,1777,0,0,0,0.5408,0
W-THSMB5,16,34,monthly,37,2,1067,0,1,0,0.6042,0
W-THSMB5,16,34,monthly,38,2,1144,0,1,0,0.6430,0
W-THSMB5,16,34,monthly,39,1,1025,0,0,0,0.5154,0
W-THSMB5,16,34,monthly,40,0,0,0,0,0,,0
W-THSMB5,16,34,monthly,41,1,762,0,0,0,0.5666,0
W-THSMB5,16,34,monthly,42,5,3795,0,2,0,0.6580,0
W-THSMB5,16,34,monthly,43,3,2479,0,0,0,0.5588,0
W-THSMB5,16,34,monthly,44,1,753,0,0,0,0.5305,0
W-THSMB5,16,34,monthly,45,5,3458,0,3,0,0.5759,0
W-THSMB5,16,34,monthly,46,1,691,0,1,0,0.5687,0
W-THSMB5,16,34,monthly,47,0,0,0,0,0,,0
W-THSMB5,16,34,monthly,48,0,0,0,0,0,,0
W-THSMB5,16,34,monthly,49,0,0,0,0,0,,0
W-THSMB5,16,34,monthly,50,0,0,0,0,0,,0
W-THSMB5,16,34,monthly,51,0,0,0,0,0,,0
W-US4J29,31,34,monthly,31,2,1077,0,1,0,0.2390,0
W-US4J29,31,34,monthly,32,2,2025,2,0,0,0.2955,0
W-US4J29,31,34,monthly,33,9,3865,3,3,0,0.3448,0
W-US4J29,31,34,monthly,34,1,431,1,0,0,0.2348,0
W-US4J29,31,34,monthly,35,2,1024,0,2,0,0.2849,0
W-US4J29,31,34,monthly,36,3,1428,1,0,0,0.5669,1
W-US4J29,31,34,monthly,37,1,291,1,0,0,0.5601,0
W-US4J29,31,34,monthly,38,0,0,0,0,0,,0
W-US4J29,31,34,monthly,39,0,0,0,0,0,,0
W-US4J29,31,34,monthly,40,0,0,0,0,0,,0
W-US4J29,31,34,monthly,41,0,0,0,0,0,,0
W-US4J29,31,34,monthly,42,0,0,0,0,0,,0
W-US4J29,31,34,monthly,43,0,0,0,0,0,,0
W-US4J29,31,34,monthly,44,0,0,0,0,0,,0
W-US4J29,31,34,monthly,45,0,0,0,0,0,,0
W-US4J29,31,34,monthly,46,0,0,0,0,0,,0
W-US4J29,31,34,monthly,47,0,0,0,0,0,,0
W-US4J29,31,34,monthly,48,0,0,0,0,0,,0
W-US4J29,31,34,monthly,49,0,0,0,0,0,,0
W-US4J29,31,34,monthly,50,0,0,0,0,0,,0
W-US4J29,31,34,monthly,51,0,0,0,0,0,,0
W-W4IPBR,9,34,monthly,9,3,1602,0,1,0,0.3720,0
W-W4IPBR,9,34,monthly,10,7,6539,1,6,0,0.3751,0
W-W4IPBR,9,34,monthly,11,2,558,1,0,0,0.4918,0
W-W4IPBR,9,34,monthly,12,5,2380,2,0,0,0.3332,0
W-W4IPBR,9,34,monthly,13,2,911,1,1,0,0.3147,0
W-W4IPBR,9,34,monthly,14,3,1491,0,1,0,0.3589,0
W-W4IPBR,9,34,monthly,15,3,1590,1,2,0,0.3486,0
W-W4IPBR,9,34,monthly,16,13,5456,8,2,0,0.3917,0
W-W4IPBR,9,34,monthly,17,2,1379,0,0,0,0.4545,0
W-W4IPBR,9,34,monthly,18,3,1904,0,2,0,0.4371,0
W-W4IPBR,9,34,monthly,19,5,2203,1,1,0,0.2598,0
W-W4IPBR,9,34,monthly,20,7,2009,1,2,0,0.4474,0
W-W4IPBR,9,34,monthly,21,3,2009,0,1,0,0.3613,0
W-W4IPBR,9,34,monthly,22,1,460,0,1,0,0.3373,0
W-W4IPBR,9,34,monthly,23,4,2292,0,1,0,0.4113,0
W-W4IPBR,9,34,monthly,24,1,451,0,0,0,0.3512,0
W-W4IPBR,9,34,monthly,25,28,10454,11,8,0,0.3914,0
W-W4IPBR,9,34,monthly,26,4,1281,0,4,0,0.3912,0
W-W4IPBR,9,34,monthly,27,1,551,0,0,0,0.4122,0
W-W4IPBR,9,34,monthly,28,3,2278,2,0,0,0.3503,0
W-W4IPBR,9,34,monthly,29,13,7976,9,1,0,0.2965,0
W-W4IPBR,9,34,monthly,30,1,517,0,1,0,0.3768,0
W-W4IPBR,9,34,monthly,31,5,2733,1,2,0,0.3781,0
W-W4IPBR,9,34,monthly,32,2,1030,0,0,0,0.3989,0
W-W4IPBR,9,34,monthly,33,8,3863,5,2,0,0.3332,0
W-W4IPBR,9,34,monthly,34,3,1585,1,2,0,0.3333,0
W-W4IPBR,9,34,monthly,35,3,853,0,0,0,0.3863,0
W-W4IPBR,9,34,monthly,36,4,1824,1,0,0,0.3265,0
W-W4IPBR,9,34,monthly,37,2,852,1,1,0,0.3686,0
W-W4IPBR,9,34,monthly,38,4,515,0,0,0,0.3250,0
W-W4IPBR,9,34,monthly,39,0,0,0,0,0,,0
W-W4IPBR,9,34,monthly,40,0,0,0,0,0,,0
W-W4IPBR,9,34,monthly,41,0,0,0,0,0,,0
W-W4IPBR,9,34,monthly,42,0,0,0,0,0,,0
W-W4IPBR,9,34,monthly,43,0,0,0,0,0,,0
W-W4IPBR,9,34,monthly,44,0,0,0,0,0,,0
W-W4IPBR,9,34,monthly,45,0,0,0,0,0,,0
W-W4IPBR,9,34,monthly,46,0,0,0,0,0,,0
W-W4IPBR,9,34,monthly,47,0,0,0,0,0,,0
W-W4IPBR,9,34,monthly,48,0,0,0,0,0,,0
W-W4IPBR,9,34,monthly,49,0,0,0,0,0,,0
W-W4IPBR,9,34,monthly,50,0,0,0,0,0,,0
W-W4IPBR,9,34,monthly,51,0,0,0,0,0,,0
W-WHU0L7,27,34,biweekly,27,2,1530,1,0,0,0.2101,0
W-WHU0L7,27,34,biweekly,28,0,0,0,0,0,,0
W-WHU0L7,27,34,biweekly,29,1,714,0,0,0,0.2305,0
W-WHU0L7,27,34,biweekly,30,2,1710,0,0,0,0.1746,0
W-WHU0L7,27,34,biweekly,31,7,3084,3,1,0,0.3169,0
W-WHU0L7,27,34,biweekly,32,1,694,0,0,0,0.2622,0
W-WHU0L7,27,34,biweekly,33,9,5815,3,3,0,0.1434,0
W-WHU0L7,27,34,biweekly,34,1,942,0,0,0,0.2505,0
W-WHU0L7,27,34,biweekly,35,11,7710,8,2,0,0.1232,0
W-WHU0L7,27,34,biweekly,36,1,759,0,0,0,0.2419,0
W-WHU0L7,27,34,biweekly,37,9,5122,4,2,0,0.2190,0
W-WHU0L7,27,34,biweekly,38,2,1019,0,0,0,0.1790,0
W-WHU0L7,27,34,biweekly,39,1,453,0,0,0,0.3133,0
W-WHU0L7,27,34,biweekly,40,0,0,0,0,0,,0
W-WHU0L7,27,34,biweekly,41,1,476,0,0,0,0.1570,0
W-WHU0L7,27,34,biweekly,42,0,0,0,0,0,,0
W-WHU0L7,27,34,biweekly,43,0,0,0,0,0,,0
W-WHU0L7,27,34,biweekly,44,0,0,0,0,0,,0
W-WHU0L7,27,34,biweekly,45,0,0,0,0,0,,0
W-WHU0L7,27,34,biweekly,46,0,0,0,0,0,,0
W-WHU0L7,27,34,biweekly,47,0,0,0,0,0,,0
W-WHU0L7,27,34,biweekly,48,0,0,0,0,0,,0
W-WHU0L7,27,34,biweekly,49,0,0,0,0,0,,0
W-WHU0L7,27,34,biweekly,50,0,0,0,0,0,,0
W-WHU0L7,27,34,biweekly,51,0,0,0,0,0,,0
W-Z2HGC4,37,34,weekly,37,13,14711,6,3,0,0.0000,0
W-Z2HGC4,37,34,weekly,38,16,10755,4,5,0,0.0102,0
W-Z2HGC4,37,34,weekly,39,1,861,0,0,0,0.0581,0
W-Z2HGC4,37,34,weekly,40,7,4622,5,1,0,0.0000,0
W-Z2HGC4,37,34,weekly,41,6,4367,4,0,0,0.0602,0
W-Z2HGC4,37,34,weekly,42,12,8242,5,3,0,0.0000,0
W-Z2HGC4,37,34,weekly,43,4,3556,3,0,1,0.0164,0
W-Z2HGC4,37,34,weekly,44,1,570,1,0,1,0.0171,0
W-Z2HGC4,37,34,weekly,45,1,889,1,0,4,0.0000,0
W-Z2HGC4,37,34,weekly,46,0,0,0,0,0,,0
W-Z2HGC4,37,34,weekly,47,0,0,0,0,0,,0
W-Z2HGC4,37,34,weekly,48,0,0,0,0,0,,0
W-Z2HGC4,37,34,weekly,49,0,0,0,0,0,,0
W-Z2HGC4,37,34,weekly,50,0,0,0,0,0,,0
W-Z2HGC4,37,34,weekly,51,0,0,0,0,0,,0
