month,agents,registered_customers,mfs_users_total,active_accounts,txn_count,txn_value_bdt,source_url,fetched_at
2021-12,1123113,111467000,,41096000,340897398,711730900000,https://www.bb.org.bd/en/index.php/financialactivity/mfsdata,2026-10-07
2022-01,1134868,114018000,,43784000,345190941,733675200000,https://www.bb.org.bd/en/index.php/financialactivity/mfsdata,2026-10-07
2022-02,1148361,116101000,,42523000,317702787,680999700000,https://www.bb.org.bd/en/index.php/financialactivity/mfsdata,2026-10-07
2022-03,1163379,109087000,,44834000,360195455,772126400000,https://www.bb.org.bd/en/index.php/financialactivity/mfsdata,2026-10-07
2022-04,1177148,110824000,,45571000,379399820,929330300000,https://www.bb.org.bd/en/index.php/financialactivity/mfsdata,2026-10-07
2022-05,1188184,112615000,,45762000,348546984,649466700000,https://www.bb.org.bd/en/index.php/financialactivity/mfsdata,2026-10-07
2022-06,1467738,178517000,,64297000,461609837,942937000000,https://www.bb.org.bd/en/index.php/financialactivity/mfsdata,2026-10-07
2022-07,1477434,180998000,,67988000,431892765,891692600000,https://www.bb.org.bd/en/index.php/financialactivity/mfsdata,2026-10-07
2022-08,1493398,183055000,,67127000,408059051,874463700000,https://www.bb.org.bd/en/index.php/financialactivity/mfsdata,2026-10-07
2022-09,1505321,185060000,,57527000,408379707,876351700000,https://www.bb.org.bd/en/index.php/financialactivity/mfsdata,2026-10-07
2022-10,1521803,187318000,,55470000,444062360,930134400000,https://www.bb.org.bd/en/index.php/financialactivity/mfsdata,2026-10-07
2022-11,1531405,188574000,,56559000,415974768,921257500000,https://www.bb.org.bd/en/index.php/financialactivity/mfsdata,2026-10-07
2022-12,1554637,190783000,,57374000,428324791,961328600000,https://www.bb.org.bd/en/index.php/financialactivity/mfsdata,2026-10-07
2023-01,1569111,194125000,,57354000,462957809,1005934200000,https://www.bb.org.bd/en/index.php/financialactivity/mfsdata,2026-10-07
2023-02,1581284,196704000,,63495000,450926709,973074800000,https://www.bb.org.bd/en/index.php/financialactivity/mfsdata,2026-10-07
2023-03,1598000,198093000,,67520000,482455915,1084672300000,https://www.bb.org.bd/en/index.php/financialactivity/mfsdata,2026-10-07
2023-04,1555791,200733000,,67163000,531055608,1249540000000,https://www.bb.org.bd/en/index.php/financialactivity/mfsdata,2026-10-07
2023-05,1570340,204014000,,66581000,501923307,1083551900000,https://www.bb.org.bd/en/index.php/financialactivity/mfsdata,2026-10-07
2023-06,1585722,207313000,,71420000,572615005,1321753000000,https://www.bb.org.bd/en/index.php/financialactivity/mfsdata,2026-10-07
2023-07,1601445,209614000,,71242000,483531787,983067500000,https://www.bb.org.bd/en/index.php/financialactivity/mfsdata,2026-10-07
2023-08,1618988,212420000,,81963000,512290724,1095551500000,https://www.bb.org.bd/en/index.php/financialactivity/mfsdata,2026-10-07
2023-09,1629716,215044000,,73843000,497412883,1083782300000,https://www.bb.org.bd/en/index.php/financialactivity/mfsdata,2026-10-07
2023-10,1678207,217711000,,80393000,573424783,1206342100000,https://www.bb.org.bd/en/index.php/financialactivity/mfsdata,2026-10-07
2023-11,1701943,220086000,,82498000,542074508,1196691900000,https://www.bb.org.bd/en/index.php/financialactivity/mfsdata,2026-10-07
2023-12,1724685,220457000,,83749000,550908859,1245484600000,https://www.bb.org.bd/en/index.php/financialactivity/mfsdata,2026-10-07
2024-01,1739321,219200000,,83700000,562750812,1294454700000,https://www.bb.org.bd/en/index.php/financialactivity/mfsdata,2026-10-07
2024-02,1754721,221479000,,84118000,586729483,1346911100000,https://www.bb.org.bd/en/index.php/financialactivity/mfsdata,2026-10-07
2024-03,1769909,219200000,224001000,85393000,612923872,1535742800000,https://www.bb.org.bd/en/index.php/financialactivity/mfsdata,2026-10-07
2024-04,1779739,225261000,226506000,86755000,134691,1454596400000,https://www.bb.org.bd/en/index.php/financialactivity/mfsdata,2026-10-07
2024-05,1794348,228633000,229919000,87978000,606816477,1415798900000,https://www.bb.org.bd/en/index.php/financialactivity/mfsdata,2026-10-07
2024-06,1807657,231030000,232418000,91813000,642733275,1557047200000,https://www.bb.org.bd/en/index.php/financialactivity/mfsdata,2026-10-07
2024-07,1819372,231660000,232996000,91316000,533139609,1229226300000,https://www.bb.org.bd/en/index.php/financialactivity/mfsdata,2026-10-07
2024-08,1833654,230122000,231570000,90645000,577229136,1379194900000,https://www.bb.org.bd/en/index.php/financialactivity/mfsdata,2026-10-07
2024-09,1856231,232362000,233774000,88739000,591646146,1450676300000,https://www.bb.org.bd/en/index.php/financialactivity/mfsdata,2026-10-07
2024-10,1876835,234250000,235705000,87200000,643725445,1548570000000,https://www.bb.org.bd/en/index.php/financialactivity/mfsdata,2026-10-07
2024-11,1896605,235548000,237313000,88575000,652101737,1567877400000,https://www.bb.org.bd/en/index.php/financialactivity/mfsdata,2026-10-07
2024-12,1828864,236669000,238676000,88887000,670050218,1647393600000,https://www.bb.org.bd/en/index.php/financialactivity/mfsdata,2026-10-07
2025-01,1841979,238083000,239303000,89384000,721866474,1716641200000,https://www.bb.org.bd/en/index.php/financialactivity/mfsdata,2026-10-07
2025-02,1856190,239240000,240466000,87154000,671340910,1647263000000,https://www.bb.org.bd/en/index.php/financialactivity/mfsdata,2026-10-07
